name,position,school,city,state,zip,email,phone,image
Young-Hwan Lee,MCBR Director,Louisiana State University Dept. of Biological Science,Baton Rouge,Louisiana,70803,yhlee@lsu.edu,(225) 578-0522,lee.jpg
David Burk,Associate Director,Louisiana State University Dept. of Biological Science PBRC,Baton Rouge,Louisiana,70803,david.burk@pbrc.edu,(225) 578-8246,burk.jpg
Vladimir Chouljenko,Associate Director,Louisiana State University SVM,Baton Rouge,Louisiana,70803,vchoul1@lsu.edu,(225) 578-9659,chouljenko.jpg
Srinivas Garlapati,University of Louisiana at Monroe,Louisiana State University Dept. of Biological Science,Baton Rouge,Louisiana,70803,garlapati@ulm.edu,(318) 342-3304,garlapati.jpg
Elahe Mahdavian,LSU - Shreveport,Louisiana State University Dept. of Biological Science,Baton Rouge,Louisiana,70803,elahe.mahdavian@lsus.edu,(318) 797-5227,mahdavian.jpg
Rebecca Giorno-McConnell,Louisiana Tech University,Louisiana State University Dept. of Biological Science,Baton Rouge,Louisiana,70803,rgiorno@latech.edu,(318) 257-3665,giorno.jpg
Chris Beachy,Southeastern Louisiana University,Louisiana State University Dept. of Biological Science,Baton Rouge,Louisiana,70803,christopher.beachy@southeastern.edu,(985) 549-3740,beachy.jpg
Weneene Dorsey,Grambling State University,Louisiana State University Dept. of Biological Science,Baton Rouge,Louisiana,70803,dorseywc@gram.edu,(318) 274-2399,dorsey.jpg
Harris McFerrin,Xavier University of Louisiana,Louisiana State University Dept. of Biological Science,Baton Rouge,Louisiana,70803,hmcferri@xula.edu,(504) 520-5011,mcferrin.jpg
Sanjay Batra,Southern University,Louisiana State University Dept. of Biological Science,Baton Rouge,Louisiana,70803,sanjay_batra@subr.edu,(225) 771-5350,batra.jpg
